{"cameraMode":{"drawMode":0,"name":"Shaded","section":"Shading Mode"},"sceneLighting":true,"audioPlay":false,"sceneViewState":{"m_AlwaysRefresh":false,"showFog":true,"showSkybox":true,"showFlares":true,"showImageEffects":true,"showParticleSystems":true,"showVisualEffectGraphs":true,"m_FxEnabled":true},"in2DMode":false,"pivot":{"x":-15.0922212600708,"y":-2.4236841201782228,"z":20.516559600830079},"rotation":{"x":-0.06053919345140457,"y":-0.9388068914413452,"z":0.22079631686210633,"w":-0.25740793347358706},"size":16.496923446655275,"orthographic":false}